method,scale,distance,treatment,flake,nodule number,nodule sub number,flake number,average curvature,standard deviation,sheet
old method,10um,0.1,Unheated,O.N.87_A_14,87,A,14,21.64329282,20.1930581,old-0.1-10
old method,10um,0.1,Unheated,O.N.87_A_17,87,A,17,15.6877157,17.83680979,old-0.1-10
old method,10um,0.1,Unheated,O.N.87_A_19,87,A,19,32.32067626,30.71621361,old-0.1-10
old method,10um,0.1,Unheated,O.N.87_A_22,87,A,22,29.6932416,30.41358123,old-0.1-10
old method,10um,0.1,Unheated,O.N.87_A_29,87,A,29,10.4921017,9.664216578,old-0.1-10
old method,10um,0.1,Unheated,O.N.87_A_4,87,A,4,24.399971,35.26870715,old-0.1-10
old method,10um,0.1,Unheated,O.N.87_A_5,87,A,5,15.66637441,19.70190614,old-0.1-10
old method,10um,0.1,Unheated,O.N.87_A_9,87,A,9,8.753688711,13.51590798,old-0.1-10
old method,10um,0.1,Unheated,O.N.87_B_13,87,B,13,16.13869154,26.45713603,old-0.1-10
old method,10um,0.1,Unheated,O.N.87_B_19,87,B,19,18.09333167,24.55908555,old-0.1-10
old method,10um,0.1,Unheated,O.N.87_B_23,87,B,23,18.3086517,19.38358294,old-0.1-10
old method,10um,0.1,Unheated,O.N.87_B_24,87,B,24,13.856249,12.99127852,old-0.1-10
old method,10um,0.1,Unheated,O.N.87_B_28,87,B,28,25.87037676,28.68195328,old-0.1-10
old method,10um,0.1,Unheated,O.N.87_B_2,87,B,2,24.74809991,44.36178569,old-0.1-10
old method,10um,0.1,Unheated,O.N.87_B_31,87,B,31,23.3700861,32.11255548,old-0.1-10
old method,10um,0.1,Unheated,O.N.87_B_6,87,B,6,19.45069334,17.5465877,old-0.1-10
old method,10um,0.1,Unheated,O.N.87_B_7,87,B,7,12.96842901,13.71179121,old-0.1-10
old method,10um,0.1,F1S,O_N_37_2,37,,2,14.54649828,19.31063404,old-0.1-10
old method,10um,0.1,F1S,O_N_37_3A,37,,3A,5.711268516,11.61732257,old-0.1-10
old method,10um,0.1,F1S,O_N_37_4A,37,,4A,21.78812844,31.13876267,old-0.1-10
old method,10um,0.1,F1S,O_N_37_8A,37,,8A,16.52886664,22.08174907,old-0.1-10
old method,10um,0.1,F1S,O_N_37_8B,37,,8B,30.0673887,36.55670559,old-0.1-10
old method,10um,0.1,F1S,O_N_37_12A,37,,12A,21.70096696,33.62214121,old-0.1-10
old method,10um,0.1,F1S,O_N_37_17A,37,,17A,20.25658761,26.33264201,old-0.1-10
old method,10um,0.1,F1S,O_N_37_21,37,,21,27.97022828,48.53570466,old-0.1-10
old method,10um,0.1,F1S,O_N_37_30,37,,30,14.20799782,29.59571448,old-0.1-10
old method,10um,0.1,F1S,O_N_37_45,37,,45,12.17081173,23.39155789,old-0.1-10
old method,10um,0.1,F1S,O_N_1_1,1,,1,8.352514047,9.239885597,old-0.1-10
old method,10um,0.1,F1S,O_N_1_6A,1,,6A,16.5227231,18.7892586,old-0.1-10
old method,10um,0.1,F1S,O_N_1_7A,1,,7A,22.33410943,37.69731484,old-0.1-10
old method,10um,0.1,F1S,O_N_1_7B,1,,7B,22.56923475,35.20012528,old-0.1-10
old method,10um,0.1,F1S,O_N_1_8A,1,,8A,18.20439283,27.58669569,old-0.1-10
old method,10um,0.1,F1S,O_N_1_15A,1,,15A,12.668121,11.57190099,old-0.1-10
old method,10um,0.1,F1S,O_N_1_21,1,,21,21.19776687,17.80548327,old-0.1-10
old method,10um,0.1,F2S,O_N_31_3A,31,,3A,26.99959344,52.19302864,old-0.1-10
old method,10um,0.1,F2S,O_N_31_5A,31,,5A,13.92682355,19.82359099,old-0.1-10
old method,10um,0.1,F2S,O_N_31_8,31,,8,19.36787811,38.95016361,old-0.1-10
old method,10um,0.1,F2S,O_N_31_12A,31,,12A,19.5605735,39.51323794,old-0.1-10
old method,10um,0.1,F2S,O_N_31_12B,31,,12B,26.35983524,46.58417451,old-0.1-10
old method,10um,0.1,F2S,O_N_31_16,31,,16,36.16449865,63.44294093,old-0.1-10
old method,10um,0.1,F2S,O_N_31_26,31,,26,18.37778,23.21966793,old-0.1-10
old method,10um,0.1,F2S,O_N_31_28,31,,28,12.55137563,16.73363363,old-0.1-10
old method,10um,0.1,F2S,O_N_31_32,31,,32,25.16619728,45.90233795,old-0.1-10
old method,10um,0.1,F2S,O_N_31_39,31,,39,19.87951112,23.37487603,old-0.1-10
old method,10um,0.1,F2S,O_N_31_47,31,,47,36.92562188,48.9340253,old-0.1-10
old method,10um,0.1,F2S,O_N_31_50,31,,50,32.25110589,40.31094025,old-0.1-10
old method,10um,0.1,F2S,O_N_35_6,35,,6,18.10806669,32.9094658,old-0.1-10
old method,10um,0.1,F2S,O_N_35_28,35,,28,18.06892327,31.60378978,old-0.1-10
old method,10um,0.1,F2S,O_N_35_29,35,,29,17.05788646,36.22264326,old-0.1-10
old method,10um,0.1,F2S,O_N_35_31,35,,31,17.4602988,18.66138444,old-0.1-10
old method,10um,0.1,F2S,O_N_35_33,35,,33,16.16864254,22.88510589,old-0.1-10
old method,10um,0.1,F1F,O_N_38_2,38,,2,16.14230668,29.93928952,old-0.1-10
old method,10um,0.1,F1F,O_N_38_3,38,,3,15.41838495,31.44322005,old-0.1-10
old method,10um,0.1,F1F,O_N_38_9,38,,9,21.37648938,33.38776297,old-0.1-10
old method,10um,0.1,F1F,O_N_38_10,38,,10,11.15240164,19.57838798,old-0.1-10
old method,10um,0.1,F1F,O_N_38_13,38,,13,18.42129912,30.51370802,old-0.1-10
old method,10um,0.1,F1F,O_N_38_18,38,,18,24.51320931,28.78318774,old-0.1-10
old method,10um,0.1,F1F,O_N_38_20,38,,20,15.49976619,27.03142835,old-0.1-10
old method,10um,0.1,F1F,O_N_38_22A,38,,22A,16.04263387,28.12013386,old-0.1-10
old method,10um,0.1,F1F,O_N_38_25,38,,25,17.44710794,27.24181406,old-0.1-10
old method,10um,0.1,F1F,O_N_54A_15,54,A,15,51.07153964,55.42654135,old-0.1-10
old method,10um,0.1,F1F,O_N_2_11B,2,,11B,18.40111813,26.36501431,old-0.1-10
old method,10um,0.1,F1F,O_N_2_11A,2,,11A,18.91616291,35.12064698,old-0.1-10
old method,10um,0.1,F1F,O_N_2_19,2,,19,14.94303926,26.55871649,old-0.1-10
old method,10um,0.1,F1F,O_N_14A_4,14,A,4,14.8770887,25.75115153,old-0.1-10
old method,10um,0.1,F1F,O_N_14A_15,14,A,15,19.94314439,38.28154868,old-0.1-10
old method,10um,0.1,F1F,O_N_54A_31,54,A,31,15.68478963,24.75894751,old-0.1-10
old method,10um,0.1,F1F,O_N_14A_27,14,A,27,20.4714743,32.53266106,old-0.1-10
old method,10um,0.1,F2F,O_N_32A-3,32,A,3,20.40037366,23.75866744,old-0.1-10
old method,10um,0.1,F2F,O_N_32A-21,32,A,21,16.02488822,25.54033576,old-0.1-10
old method,10um,0.1,F2F,O_N_32A-29,32,A,29,18.81526048,29.00361883,old-0.1-10
old method,10um,0.1,F2F,O_N_32B-3,32,B,3,17.03776292,35.0219121,old-0.1-10
old method,10um,0.1,F2F,O_N_32B-7,32,B,7,16.04497533,26.04715244,old-0.1-10
old method,10um,0.1,F2F,O_N_32B-16,32,B,16,21.96396868,36.82466569,old-0.1-10
old method,10um,0.1,F2F,O_N_32C-3,32,C,3,28.73469573,39.250283,old-0.1-10
old method,10um,0.1,F2F,O_N_32C-4,32,C,4,19.87599862,35.07043681,old-0.1-10
old method,10um,0.1,F2F,O_N_32C-7,32,C,7,20.0515598,35.99628669,old-0.1-10
old method,20um,0.1,Unheated,O.N.87_A_14,87,A,14,14.65535619,18.68450616,old-0.1-20
old method,20um,0.1,Unheated,O.N.87_A_17,87,A,17,12.17655956,15.42857595,old-0.1-20
old method,20um,0.1,Unheated,O.N.87_A_19,87,A,19,24.23969295,23.56939296,old-0.1-20
old method,20um,0.1,Unheated,O.N.87_A_22,87,A,22,16.38480736,17.85248139,old-0.1-20
old method,20um,0.1,Unheated,O.N.87_A_29,87,A,29,8.454831316,9.375455089,old-0.1-20
old method,20um,0.1,Unheated,O.N.87_A_4,87,A,4,18.45456637,27.1459246,old-0.1-20
old method,20um,0.1,Unheated,O.N.87_A_5,87,A,5,12.51579875,17.13513215,old-0.1-20
old method,20um,0.1,Unheated,O.N.87_A_9,87,A,9,6.63515679,10.48267059,old-0.1-20
old method,20um,0.1,Unheated,O.N.87_B_13,87,B,13,11.54733257,21.81559279,old-0.1-20
old method,20um,0.1,Unheated,O.N.87_B_19,87,B,19,12.35120361,19.09613782,old-0.1-20
old method,20um,0.1,Unheated,O.N.87_B_23,87,B,23,13.15448552,14.80242173,old-0.1-20
old method,20um,0.1,Unheated,O.N.87_B_24,87,B,24,9.429019733,9.770490283,old-0.1-20
old method,20um,0.1,Unheated,O.N.87_B_28,87,B,28,19.42275027,19.20863428,old-0.1-20
old method,20um,0.1,Unheated,O.N.87_B_2,87,B,2,17.10764843,24.8677785,old-0.1-20
old method,20um,0.1,Unheated,O.N.87_B_31,87,B,31,16.91290133,20.64530328,old-0.1-20
old method,20um,0.1,Unheated,O.N.87_B_6,87,B,6,13.0322201,11.59333146,old-0.1-20
old method,20um,0.1,Unheated,O.N.87_B_7,87,B,7,10.34847361,11.58089826,old-0.1-20
old method,20um,0.1,F1S,O_N_37_2,37,,2,11.11523212,14.44929342,old-0.1-20
old method,20um,0.1,F1S,O_N_37_3A,37,,3A,4.458229108,9.35455128,old-0.1-20
old method,20um,0.1,F1S,O_N_37_4A,37,,4A,16.50858345,23.29976007,old-0.1-20
old method,20um,0.1,F1S,O_N_37_8A,37,,8A,12.14930213,18.78216739,old-0.1-20
old method,20um,0.1,F1S,O_N_37_8B,37,,8B,12.59548372,15.76933976,old-0.1-20
old method,20um,0.1,F1S,O_N_37_12A,37,,12A,15.37967102,27.03978531,old-0.1-20
old method,20um,0.1,F1S,O_N_37_17A,37,,17A,12.42739668,20.61466855,old-0.1-20
old method,20um,0.1,F1S,O_N_37_21,37,,21,20.6745428,34.80690224,old-0.1-20
old method,20um,0.1,F1S,O_N_37_30,37,,30,10.86926254,18.84126998,old-0.1-20
old method,20um,0.1,F1S,O_N_37_45,37,,45,10.73737234,19.70167572,old-0.1-20
old method,20um,0.1,F1S,O_N_1_1,1,,1,5.051976081,5.442202592,old-0.1-20
old method,20um,0.1,F1S,O_N_1_6A,1,,6A,13.00208126,14.27712444,old-0.1-20
old method,20um,0.1,F1S,O_N_1_7A,1,,7A,16.07379336,28.35958012,old-0.1-20
old method,20um,0.1,F1S,O_N_1_7B,1,,7B,14.09251378,23.57749589,old-0.1-20
old method,20um,0.1,F1S,O_N_1_8A,1,,8A,13.30313033,19.73160457,old-0.1-20
old method,20um,0.1,F1S,O_N_1_15A,1,,15A,11.25956207,10.49119776,old-0.1-20
old method,20um,0.1,F1S,O_N_1_21,1,,21,12.97925361,12.28712226,old-0.1-20
old method,20um,0.1,F2S,O_N_31_3A,31,,3A,18.58763413,26.37634262,old-0.1-20
old method,20um,0.1,F2S,O_N_31_5A,31,,5A,11.62336144,15.07904774,old-0.1-20
old method,20um,0.1,F2S,O_N_31_8,31,,8,17.40177978,27.6899049,old-0.1-20
old method,20um,0.1,F2S,O_N_31_12A,31,,12A,15.93766998,23.34935173,old-0.1-20
old method,20um,0.1,F2S,O_N_31_12B,31,,12B,16.79392305,26.41411771,old-0.1-20
old method,20um,0.1,F2S,O_N_31_16,31,,16,26.07152124,45.75368306,old-0.1-20
old method,20um,0.1,F2S,O_N_31_26,31,,26,12.89045537,17.49148024,old-0.1-20
old method,20um,0.1,F2S,O_N_31_28,31,,28,10.73436381,14.14303873,old-0.1-20
old method,20um,0.1,F2S,O_N_31_32,31,,32,18.28071167,31.49740403,old-0.1-20
old method,20um,0.1,F2S,O_N_31_39,31,,39,13.82068144,16.10685396,old-0.1-20
old method,20um,0.1,F2S,O_N_31_47,31,,47,29.20273881,35.1798162,old-0.1-20
old method,20um,0.1,F2S,O_N_31_50,31,,50,18.34811105,23.4406495,old-0.1-20
old method,20um,0.1,F2S,O_N_35_6,35,,6,13.49898126,21.67326866,old-0.1-20
old method,20um,0.1,F2S,O_N_35_28,35,,28,14.85264435,22.02929008,old-0.1-20
old method,20um,0.1,F2S,O_N_35_29,35,,29,12.15753314,24.12020717,old-0.1-20
old method,20um,0.1,F2S,O_N_35_31,35,,31,12.02635407,11.19729844,old-0.1-20
old method,20um,0.1,F2S,O_N_35_33,35,,33,13.89877324,19.11613098,old-0.1-20
old method,20um,0.1,F1F,O_N_38_2,38,,2,12.35393618,20.06138287,old-0.1-20
old method,20um,0.1,F1F,O_N_38_3,38,,3,14.03729734,20.76753605,old-0.1-20
old method,20um,0.1,F1F,O_N_38_9,38,,9,18.92762547,28.85928357,old-0.1-20
old method,20um,0.1,F1F,O_N_38_10,38,,10,9.066300857,15.02732743,old-0.1-20
old method,20um,0.1,F1F,O_N_38_13,38,,13,14.41422757,21.82856808,old-0.1-20
old method,20um,0.1,F1F,O_N_38_18,38,,18,16.1905151,17.52013578,old-0.1-20
old method,20um,0.1,F1F,O_N_38_20,38,,20,11.98930098,20.93116809,old-0.1-20
old method,20um,0.1,F1F,O_N_38_22A,38,,22A,11.44502593,20.50746845,old-0.1-20
old method,20um,0.1,F1F,O_N_38_25,38,,25,13.48810216,21.65822098,old-0.1-20
old method,20um,0.1,F1F,O_N_54A_15,54,A,15,37.03292601,29.60264692,old-0.1-20
old method,20um,0.1,F1F,O_N_2_11B,2,,11B,15.46953431,22.7160871,old-0.1-20
old method,20um,0.1,F1F,O_N_2_11A,2,,11A,13.01996863,19.989529,old-0.1-20
old method,20um,0.1,F1F,O_N_2_19,2,,19,11.23860992,20.8031098,old-0.1-20
old method,20um,0.1,F1F,O_N_14A_4,14,A,4,11.57483359,18.72412878,old-0.1-20
old method,20um,0.1,F1F,O_N_14A_15,14,A,15,14.2485776,24.32217841,old-0.1-20
old method,20um,0.1,F1F,O_N_54A_31,54,A,31,12.19881712,19.36161936,old-0.1-20
old method,20um,0.1,F1F,O_N_14A_27,14,A,27,15.96403835,24.75250132,old-0.1-20
old method,20um,0.1,F2F,O_N_32A-3,32,A,3,15.60694532,17.07642396,old-0.1-20
old method,20um,0.1,F2F,O_N_32A-21,32,A,21,12.1765512,18.70299985,old-0.1-20
old method,20um,0.1,F2F,O_N_32A-29,32,A,29,14.49029604,21.88785341,old-0.1-20
old method,20um,0.1,F2F,O_N_32B-3,32,B,3,15.05431133,25.13558536,old-0.1-20
old method,20um,0.1,F2F,O_N_32B-7,32,B,7,12.43124283,19.58601178,old-0.1-20
old method,20um,0.1,F2F,O_N_32B-16,32,B,16,20.83187563,31.97373238,old-0.1-20
old method,20um,0.1,F2F,O_N_32C-3,32,C,3,19.27865529,24.32385118,old-0.1-20
old method,20um,0.1,F2F,O_N_32C-4,32,C,4,14.80151469,24.10884744,old-0.1-20
old method,20um,0.1,F2F,O_N_32C-7,32,C,7,16.33382668,28.4005131,old-0.1-20
old method,10um,0.5,Unheated,O.N.87_A_14,87,A,14,11.63056896,13.01414548,old-0.5-10
old method,10um,0.5,Unheated,O.N.87_A_17,87,A,17,12.0034062,12.89984093,old-0.5-10
old method,10um,0.5,Unheated,O.N.87_A_19,87,A,19,28.87122643,34.51558101,old-0.5-10
old method,10um,0.5,Unheated,O.N.87_A_22,87,A,22,19.06790537,23.46880323,old-0.5-10
old method,10um,0.5,Unheated,O.N.87_A_29,87,A,29,9.326853722,8.140487213,old-0.5-10
old method,10um,0.5,Unheated,O.N.87_A_4,87,A,4,11.1926132,18.26397511,old-0.5-10
old method,10um,0.5,Unheated,O.N.87_A_5,87,A,5,13.82920668,14.9152125,old-0.5-10
old method,10um,0.5,Unheated,O.N.87_A_9,87,A,9,7.125081787,8.718061538,old-0.5-10
old method,10um,0.5,Unheated,O.N.87_B_13,87,B,13,10.40416914,15.53913522,old-0.5-10
old method,10um,0.5,Unheated,O.N.87_B_19,87,B,19,9.960715315,14.01942877,old-0.5-10
old method,10um,0.5,Unheated,O.N.87_B_23,87,B,23,14.3339327,16.73921223,old-0.5-10
old method,10um,0.5,Unheated,O.N.87_B_24,87,B,24,15.03042608,19.85198856,old-0.5-10
old method,10um,0.5,Unheated,O.N.87_B_28,87,B,28,18.98146926,23.54919912,old-0.5-10
old method,10um,0.5,Unheated,O.N.87_B_2,87,B,2,17.85274469,25.46027058,old-0.5-10
old method,10um,0.5,Unheated,O.N.87_B_31,87,B,31,24.2063829,34.03501062,old-0.5-10
old method,10um,0.5,Unheated,O.N.87_B_6,87,B,6,17.5207482,17.39301198,old-0.5-10
old method,10um,0.5,Unheated,O.N.87_B_7,87,B,7,8.844621901,8.36511177,old-0.5-10
old method,10um,0.5,F1S,O_N_37_2,37,,2,27.19886825,37.31613597,old-0.5-10
old method,10um,0.5,F1S,O_N_37_3A,37,,3A,4.501225595,8.058777635,old-0.5-10
old method,10um,0.5,F1S,O_N_37_4A,37,,4A,9.397971299,18.00434102,old-0.5-10
old method,10um,0.5,F1S,O_N_37_8A,37,,8A,17.54485777,29.07156993,old-0.5-10
old method,10um,0.5,F1S,O_N_37_8B,37,,8B,15.61858804,26.29186386,old-0.5-10
old method,10um,0.5,F1S,O_N_37_12A,37,,12A,13.04513466,18.20984832,old-0.5-10
old method,10um,0.5,F1S,O_N_37_17A,37,,17A,13.89669581,22.23793443,old-0.5-10
old method,10um,0.5,F1S,O_N_37_21,37,,21,10.53334695,26.14315864,old-0.5-10
old method,10um,0.5,F1S,O_N_37_30,37,,30,7.037951682,14.82606499,old-0.5-10
old method,10um,0.5,F1S,O_N_37_45,37,,45,5.13605758,12.47411711,old-0.5-10
old method,10um,0.5,F1S,O_N_1_1,1,,1,12.12500723,12.70416428,old-0.5-10
old method,10um,0.5,F1S,O_N_1_6A,1,,6A,10.98921142,13.9932755,old-0.5-10
old method,10um,0.5,F1S,O_N_1_7A,1,,7A,14.01342951,20.85229854,old-0.5-10
old method,10um,0.5,F1S,O_N_1_7B,1,,7B,20.11412554,27.73469793,old-0.5-10
old method,10um,0.5,F1S,O_N_1_8A,1,,8A,15.81528396,19.25229653,old-0.5-10
old method,10um,0.5,F1S,O_N_1_15A,1,,15A,18.11055844,19.82778757,old-0.5-10
old method,10um,0.5,F1S,O_N_1_21,1,,21,21.30610887,27.88693093,old-0.5-10
old method,10um,0.5,F2S,O_N_31_3A,31,,3A,8.910439396,27.07065769,old-0.5-10
old method,10um,0.5,F2S,O_N_31_5A,31,,5A,6.45860329,10.43201926,old-0.5-10
old method,10um,0.5,F2S,O_N_31_8,31,,8,7.131799529,18.9288459,old-0.5-10
old method,10um,0.5,F2S,O_N_31_12A,31,,12A,9.52853591,20.69396298,old-0.5-10
old method,10um,0.5,F2S,O_N_31_12B,31,,12B,15.73898946,27.94380888,old-0.5-10
old method,10um,0.5,F2S,O_N_31_16,31,,16,18.90131658,42.35692736,old-0.5-10
old method,10um,0.5,F2S,O_N_31_26,31,,26,13.37776617,18.64272825,old-0.5-10
old method,10um,0.5,F2S,O_N_31_28,31,,28,6.358488219,9.275840522,old-0.5-10
old method,10um,0.5,F2S,O_N_31_32,31,,32,9.732265969,26.35969313,old-0.5-10
old method,10um,0.5,F2S,O_N_31_39,31,,39,9.691848634,14.92395267,old-0.5-10
old method,10um,0.5,F2S,O_N_31_47,31,,47,16.34730971,30.79032982,old-0.5-10
old method,10um,0.5,F2S,O_N_31_50,31,,50,14.54422892,27.3379087,old-0.5-10
old method,10um,0.5,F2S,O_N_35_6,35,,6,8.384431582,17.34179348,old-0.5-10
old method,10um,0.5,F2S,O_N_35_28,35,,28,7.010676688,15.76977988,old-0.5-10
old method,10um,0.5,F2S,O_N_35_29,35,,29,7.588632672,19.53867595,old-0.5-10
old method,10um,0.5,F2S,O_N_35_31,35,,31,10.07538974,13.20935765,old-0.5-10
old method,10um,0.5,F2S,O_N_35_33,35,,33,6.350960745,12.47196794,old-0.5-10
old method,10um,0.5,F1F,O_N_38_2,38,,2,6.628010725,14.59706586,old-0.5-10
old method,10um,0.5,F1F,O_N_38_3,38,,3,6.427312111,16.25013734,old-0.5-10
old method,10um,0.5,F1F,O_N_38_9,38,,9,12.49888415,22.53926886,old-0.5-10
old method,10um,0.5,F1F,O_N_38_10,38,,10,7.917589736,11.85946667,old-0.5-10
old method,10um,0.5,F1F,O_N_38_13,38,,13,6.196916096,15.4233217,old-0.5-10
old method,10um,0.5,F1F,O_N_38_18,38,,18,14.95971037,27.20808602,old-0.5-10
old method,10um,0.5,F1F,O_N_38_20,38,,20,6.028748048,14.2611165,old-0.5-10
old method,10um,0.5,F1F,O_N_38_22A,38,,22A,7.01355379,14.63099243,old-0.5-10
old method,10um,0.5,F1F,O_N_38_25,38,,25,8.999602726,14.30212831,old-0.5-10
old method,10um,0.5,F1F,O_N_54A_15,54,A,15,26.11859133,37.71391997,old-0.5-10
old method,10um,0.5,F1F,O_N_2_11B,2,,11B,6.950389046,14.45938811,old-0.5-10
old method,10um,0.5,F1F,O_N_2_11A,2,,11A,7.882654965,16.85479157,old-0.5-10
old method,10um,0.5,F1F,O_N_2_19,2,,19,11.67426449,16.52181026,old-0.5-10
old method,10um,0.5,F1F,O_N_14A_4,14,A,4,8.750529665,15.29764558,old-0.5-10
old method,10um,0.5,F1F,O_N_14A_15,14,A,15,5.645962352,19.09927985,old-0.5-10
old method,10um,0.5,F1F,O_N_54A_31,54,A,31,7.044595422,12.8997542,old-0.5-10
old method,10um,0.5,F1F,O_N_14A_27,14,A,27,6.721479149,17.45150102,old-0.5-10
old method,10um,0.5,F2F,O_N_32A-3,32,A,3,9.628383541,13.85587888,old-0.5-10
old method,10um,0.5,F2F,O_N_32A-21,32,A,21,15.39757413,28.58165537,old-0.5-10
old method,10um,0.5,F2F,O_N_32A-29,32,A,29,6.82891267,15.02991731,old-0.5-10
old method,10um,0.5,F2F,O_N_32B-3,32,B,3,8.281817722,18.00447857,old-0.5-10
old method,10um,0.5,F2F,O_N_32B-7,32,B,7,6.765820462,15.15587003,old-0.5-10
old method,10um,0.5,F2F,O_N_32B-16,32,B,16,9.573256619,18.90321912,old-0.5-10
old method,10um,0.5,F2F,O_N_32C-3,32,C,3,17.86042471,30.01410008,old-0.5-10
old method,10um,0.5,F2F,O_N_32C-4,32,C,4,7.630671047,17.93335861,old-0.5-10
old method,10um,0.5,F2F,O_N_32C-7,32,C,7,8.218787407,17.80116595,old-0.5-10
old method,20um,0.5,Unheated,O.N.87_A_14,87,A,14,7.302558937,10.66227511,old-0.5-20
old method,20um,0.5,Unheated,O.N.87_A_17,87,A,17,8.777453795,9.462477547,old-0.5-20
old method,20um,0.5,Unheated,O.N.87_A_19,87,A,19,21.64777392,20.86990997,old-0.5-20
old method,20um,0.5,Unheated,O.N.87_A_22,87,A,22,13.58715618,15.234241,old-0.5-20
old method,20um,0.5,Unheated,O.N.87_A_29,87,A,29,6.393971859,6.506021933,old-0.5-20
old method,20um,0.5,Unheated,O.N.87_A_4,87,A,4,8.141608534,13.91550626,old-0.5-20
old method,20um,0.5,Unheated,O.N.87_A_5,87,A,5,10.0193268,11.298551,old-0.5-20
old method,20um,0.5,Unheated,O.N.87_A_9,87,A,9,5.046900163,6.603386926,old-0.5-20
old method,20um,0.5,Unheated,O.N.87_B_13,87,B,13,7.974487228,12.36855112,old-0.5-20
old method,20um,0.5,Unheated,O.N.87_B_19,87,B,19,6.975346271,10.4127126,old-0.5-20
old method,20um,0.5,Unheated,O.N.87_B_23,87,B,23,10.14698157,11.50839092,old-0.5-20
old method,20um,0.5,Unheated,O.N.87_B_24,87,B,24,8.615844456,9.599082547,old-0.5-20
old method,20um,0.5,Unheated,O.N.87_B_28,87,B,28,13.84749591,15.81439076,old-0.5-20
old method,20um,0.5,Unheated,O.N.87_B_2,87,B,2,12.2025325,14.76735321,old-0.5-20
old method,20um,0.5,Unheated,O.N.87_B_31,87,B,31,16.50831056,18.87976433,old-0.5-20
old method,20um,0.5,Unheated,O.N.87_B_6,87,B,6,10.98656882,10.52071103,old-0.5-20
old method,20um,0.5,Unheated,O.N.87_B_7,87,B,7,5.656093468,6.441391003,old-0.5-20
old method,20um,0.5,F1S,O_N_37_2,37,,2,20.21272296,27.50979726,old-0.5-20
old method,20um,0.5,F1S,O_N_37_3A,37,,3A,3.381297739,6.495841106,old-0.5-20
old method,20um,0.5,F1S,O_N_37_4A,37,,4A,6.577395995,13.41997316,old-0.5-20
old method,20um,0.5,F1S,O_N_37_8A,37,,8A,12.66316369,18.25701197,old-0.5-20
old method,20um,0.5,F1S,O_N_37_8B,37,,8B,7.309007464,11.11964703,old-0.5-20
old method,20um,0.5,F1S,O_N_37_12A,37,,12A,10.65455804,14.15411891,old-0.5-20
old method,20um,0.5,F1S,O_N_37_17A,37,,17A,7.286769808,12.43646938,old-0.5-20
old method,20um,0.5,F1S,O_N_37_21,37,,21,6.544082298,18.56684802,old-0.5-20
old method,20um,0.5,F1S,O_N_37_30,37,,30,4.421170441,9.623122163,old-0.5-20
old method,20um,0.5,F1S,O_N_37_45,37,,45,3.922473083,10.59851831,old-0.5-20
old method,20um,0.5,F1S,O_N_1_1,1,,1,8.184932088,8.276284875,old-0.5-20
old method,20um,0.5,F1S,O_N_1_6A,1,,6A,7.989484069,10.04537346,old-0.5-20
old method,20um,0.5,F1S,O_N_1_7A,1,,7A,9.797503344,15.49180815,old-0.5-20
old method,20um,0.5,F1S,O_N_1_7B,1,,7B,13.28380651,16.97998171,old-0.5-20
old method,20um,0.5,F1S,O_N_1_8A,1,,8A,9.9603853,11.84445578,old-0.5-20
old method,20um,0.5,F1S,O_N_1_15A,1,,15A,13.05526692,15.76939618,old-0.5-20
old method,20um,0.5,F1S,O_N_1_21,1,,21,16.13504226,19.09299834,old-0.5-20
old method,20um,0.5,F2S,O_N_31_3A,31,,3A,5.79375578,14.55270611,old-0.5-20
old method,20um,0.5,F2S,O_N_31_5A,31,,5A,4.703593332,8.171533464,old-0.5-20
old method,20um,0.5,F2S,O_N_31_8,31,,8,5.346840711,14.04715654,old-0.5-20
old method,20um,0.5,F2S,O_N_31_12A,31,,12A,7.573639961,13.55445458,old-0.5-20
old method,20um,0.5,F2S,O_N_31_12B,31,,12B,11.88461777,19.11367471,old-0.5-20
old method,20um,0.5,F2S,O_N_31_16,31,,16,10.58345825,24.69337647,old-0.5-20
old method,20um,0.5,F2S,O_N_31_26,31,,26,8.676609546,13.2131063,old-0.5-20
old method,20um,0.5,F2S,O_N_31_28,31,,28,4.658140187,7.800448453,old-0.5-20
old method,20um,0.5,F2S,O_N_31_32,31,,32,6.198674082,17.52617244,old-0.5-20
old method,20um,0.5,F2S,O_N_31_39,31,,39,6.07007068,10.27759407,old-0.5-20
old method,20um,0.5,F2S,O_N_31_47,31,,47,11.00193625,22.39082479,old-0.5-20
old method,20um,0.5,F2S,O_N_31_50,31,,50,9.180953495,16.87482444,old-0.5-20
old method,20um,0.5,F2S,O_N_35_6,35,,6,5.971694372,11.50719747,old-0.5-20
old method,20um,0.5,F2S,O_N_35_28,35,,28,5.356680913,11.34054466,old-0.5-20
old method,20um,0.5,F2S,O_N_35_29,35,,29,4.749620292,13.02450534,old-0.5-20
old method,20um,0.5,F2S,O_N_35_31,35,,31,6.032492687,7.87294713,old-0.5-20
old method,20um,0.5,F2S,O_N_35_33,35,,33,4.800341291,10.55154872,old-0.5-20
old method,20um,0.5,F1F,O_N_38_2,38,,2,4.322249791,10.00334737,old-0.5-20
old method,20um,0.5,F1F,O_N_38_3,38,,3,4.716424898,11.27903962,old-0.5-20
old method,20um,0.5,F1F,O_N_38_9,38,,9,8.795888544,16.01209106,old-0.5-20
old method,20um,0.5,F1F,O_N_38_10,38,,10,5.802367475,8.843909786,old-0.5-20
old method,20um,0.5,F1F,O_N_38_13,38,,13,4.479639937,11.23539777,old-0.5-20
old method,20um,0.5,F1F,O_N_38_18,38,,18,8.311479366,12.44991083,old-0.5-20
old method,20um,0.5,F1F,O_N_38_20,38,,20,4.301459474,11.07935902,old-0.5-20
old method,20um,0.5,F1F,O_N_38_22A,38,,22A,4.504784028,10.51091756,old-0.5-20
old method,20um,0.5,F1F,O_N_38_25,38,,25,5.349585697,10.94532289,old-0.5-20
old method,20um,0.5,F1F,O_N_54A_15,54,A,15,18.05311213,22.84331695,old-0.5-20
old method,20um,0.5,F1F,O_N_2_11B,2,,11B,5.260026663,12.4275723,old-0.5-20
old method,20um,0.5,F1F,O_N_2_11A,2,,11A,4.915586798,9.998236463,old-0.5-20
old method,20um,0.5,F1F,O_N_2_19,2,,19,8.383477213,12.43045008,old-0.5-20
old method,20um,0.5,F1F,O_N_14A_4,14,A,4,5.808657602,10.08186269,old-0.5-20
old method,20um,0.5,F1F,O_N_14A_15,14,A,15,4.04301599,12.37739521,old-0.5-20
old method,20um,0.5,F1F,O_N_54A_31,54,A,31,4.846080291,10.06708842,old-0.5-20
old method,20um,0.5,F1F,O_N_14A_27,14,A,27,4.975141789,13.38217811,old-0.5-20
old method,20um,0.5,F2F,O_N_32A-3,32,A,3,6.312285761,10.26139746,old-0.5-20
old method,20um,0.5,F2F,O_N_32A-21,32,A,21,9.489552882,12.35323822,old-0.5-20
old method,20um,0.5,F2F,O_N_32A-29,32,A,29,4.879418903,11.46598638,old-0.5-20
old method,20um,0.5,F2F,O_N_32B-3,32,B,3,6.681146596,13.2548622,old-0.5-20
old method,20um,0.5,F2F,O_N_32B-7,32,B,7,4.862403204,11.52101549,old-0.5-20
old method,20um,0.5,F2F,O_N_32B-16,32,B,16,7.629654929,16.16610301,old-0.5-20
old method,20um,0.5,F2F,O_N_32C-3,32,C,3,12.90934532,18.91125531,old-0.5-20
old method,20um,0.5,F2F,O_N_32C-4,32,C,4,5.185634537,12.55707312,old-0.5-20
old method,20um,0.5,F2F,O_N_32C-7,32,C,7,5.798500367,14.12484026,old-0.5-20
old method,10um,1,Unheated,O.N.87_A_14,87,A,14,11.46697522,11.13515411,old-1.0-10
old method,10um,1,Unheated,O.N.87_A_17,87,A,17,9.895538344,10.62801427,old-1.0-10
old method,10um,1,Unheated,O.N.87_A_19,87,A,19,26.93385783,32.79213604,old-1.0-10
old method,10um,1,Unheated,O.N.87_A_22,87,A,22,18.78452174,26.94577752,old-1.0-10
old method,10um,1,Unheated,O.N.87_A_29,87,A,29,8.702264027,7.73320425,old-1.0-10
old method,10um,1,Unheated,O.N.87_A_4,87,A,4,9.677904249,13.89794314,old-1.0-10
old method,10um,1,Unheated,O.N.87_A_5,87,A,5,10.89083679,12.4898556,old-1.0-10
old method,10um,1,Unheated,O.N.87_A_9,87,A,9,7.160051976,7.740436389,old-1.0-10
old method,10um,1,Unheated,O.N.87_B_13,87,B,13,9.731740026,12.82357872,old-1.0-10
old method,10um,1,Unheated,O.N.87_B_19,87,B,19,10.78094766,12.3211511,old-1.0-10
old method,10um,1,Unheated,O.N.87_B_23,87,B,23,13.07030355,14.81458699,old-1.0-10
old method,10um,1,Unheated,O.N.87_B_24,87,B,24,21.31067907,30.9335052,old-1.0-10
old method,10um,1,Unheated,O.N.87_B_28,87,B,28,14.20998835,19.94708571,old-1.0-10
old method,10um,1,Unheated,O.N.87_B_2,87,B,2,14.6760668,20.14764795,old-1.0-10
old method,10um,1,Unheated,O.N.87_B_31,87,B,31,24.69896115,33.03669365,old-1.0-10
old method,10um,1,Unheated,O.N.87_B_6,87,B,6,23.10632007,28.0581875,old-1.0-10
old method,10um,1,Unheated,O.N.87_B_7,87,B,7,12.88519157,15.29062868,old-1.0-10
old method,10um,1,F1S,O_N_37_2,37,,2,18.99351625,31.32714489,old-1.0-10
old method,10um,1,F1S,O_N_37_3A,37,,3A,6.8424089,10.89381623,old-1.0-10
old method,10um,1,F1S,O_N_37_4A,37,,4A,6.54655544,13.72438964,old-1.0-10
old method,10um,1,F1S,O_N_37_8A,37,,8A,18.68223241,30.7931381,old-1.0-10
old method,10um,1,F1S,O_N_37_8B,37,,8B,10.77069392,21.13386515,old-1.0-10
old method,10um,1,F1S,O_N_37_12A,37,,12A,10.6776177,15.04365054,old-1.0-10
old method,10um,1,F1S,O_N_37_17A,37,,17A,9.584328094,16.46668811,old-1.0-10
old method,10um,1,F1S,O_N_37_21,37,,21,14.65578805,30.54240954,old-1.0-10
old method,10um,1,F1S,O_N_37_30,37,,30,7.396709804,13.15848113,old-1.0-10
old method,10um,1,F1S,O_N_37_45,37,,45,4.95517122,10.62911025,old-1.0-10
old method,10um,1,F1S,O_N_1_1,1,,1,12.47741462,15.54028598,old-1.0-10
old method,10um,1,F1S,O_N_1_6A,1,,6A,20.37470743,26.71457986,old-1.0-10
old method,10um,1,F1S,O_N_1_7A,1,,7A,11.91742443,16.89569171,old-1.0-10
old method,10um,1,F1S,O_N_1_7B,1,,7B,21.03581139,31.54628937,old-1.0-10
old method,10um,1,F1S,O_N_1_8A,1,,8A,19.99864897,27.2918314,old-1.0-10
old method,10um,1,F1S,O_N_1_15A,1,,15A,20.74669681,23.62091046,old-1.0-10
old method,10um,1,F1S,O_N_1_21,1,,21,21.69279756,27.73994784,old-1.0-10
old method,10um,1,F2S,O_N_31_3A,31,,3A,6.11923802,19.53870591,old-1.0-10
old method,10um,1,F2S,O_N_31_5A,31,,5A,6.768006333,8.889080848,old-1.0-10
old method,10um,1,F2S,O_N_31_8,31,,8,5.948815617,13.95173805,old-1.0-10
old method,10um,1,F2S,O_N_31_12A,31,,12A,7.744044795,16.12282065,old-1.0-10
old method,10um,1,F2S,O_N_31_12B,31,,12B,11.53538157,21.73737487,old-1.0-10
old method,10um,1,F2S,O_N_31_16,31,,16,21.28886338,41.33674315,old-1.0-10
old method,10um,1,F2S,O_N_31_26,31,,26,9.786080901,14.78299387,old-1.0-10
old method,10um,1,F2S,O_N_31_28,31,,28,5.758414482,7.485662535,old-1.0-10
old method,10um,1,F2S,O_N_31_32,31,,32,6.65495231,19.43960428,old-1.0-10
old method,10um,1,F2S,O_N_31_39,31,,39,8.587416795,12.4720363,old-1.0-10
old method,10um,1,F2S,O_N_31_47,31,,47,11.69500745,23.77871576,old-1.0-10
old method,10um,1,F2S,O_N_31_50,31,,50,14.53350612,23.69096392,old-1.0-10
old method,10um,1,F2S,O_N_35_6,35,,6,6.142775813,12.72848785,old-1.0-10
old method,10um,1,F2S,O_N_35_28,35,,28,5.568857312,11.59718284,old-1.0-10
old method,10um,1,F2S,O_N_35_29,35,,29,7.396464282,16.39992826,old-1.0-10
old method,10um,1,F2S,O_N_35_31,35,,31,11.58692372,17.88056949,old-1.0-10
old method,10um,1,F2S,O_N_35_33,35,,33,5.329025113,9.434183894,old-1.0-10
old method,10um,1,F1F,O_N_38_2,38,,2,5.197005073,10.73859181,old-1.0-10
old method,10um,1,F1F,O_N_38_3,38,,3,4.455654286,12.02433435,old-1.0-10
old method,10um,1,F1F,O_N_38_9,38,,9,9.671619378,17.34939716,old-1.0-10
old method,10um,1,F1F,O_N_38_10,38,,10,6.308390754,9.227323451,old-1.0-10
old method,10um,1,F1F,O_N_38_13,38,,13,7.005417318,12.65121988,old-1.0-10
old method,10um,1,F1F,O_N_38_18,38,,18,11.42454518,20.37254547,old-1.0-10
old method,10um,1,F1F,O_N_38_20,38,,20,6.673125793,13.08371731,old-1.0-10
old method,10um,1,F1F,O_N_38_22A,38,,22A,6.413250774,11.65860355,old-1.0-10
old method,10um,1,F1F,O_N_38_25,38,,25,7.624594706,11.59224054,old-1.0-10
old method,10um,1,F1F,O_N_54A_15,54,A,15,23.7802909,33.14530823,old-1.0-10
old method,10um,1,F1F,O_N_2_11B,2,,11B,5.487081661,10.80683986,old-1.0-10
old method,10um,1,F1F,O_N_2_11A,2,,11A,6.964624789,12.64759924,old-1.0-10
old method,10um,1,F1F,O_N_2_19,2,,19,9.916630112,13.20739791,old-1.0-10
old method,10um,1,F1F,O_N_14A_4,14,A,4,5.932721497,11.56793382,old-1.0-10
old method,10um,1,F1F,O_N_14A_15,14,A,15,4.067524519,13.9079467,old-1.0-10
old method,10um,1,F1F,O_N_54A_31,54,A,31,5.973807745,9.793381683,old-1.0-10
old method,10um,1,F1F,O_N_14A_27,14,A,27,5.002395641,12.70101362,old-1.0-10
old method,10um,1,F2F,O_N_32A-3,32,A,3,7.205219328,10.61550584,old-1.0-10
old method,10um,1,F2F,O_N_32A-21,32,A,21,13.42767719,22.49170097,old-1.0-10
old method,10um,1,F2F,O_N_32A-29,32,A,29,5.931422153,11.31158307,old-1.0-10
old method,10um,1,F2F,O_N_32B-3,32,B,3,5.966780752,13.51743154,old-1.0-10
old method,10um,1,F2F,O_N_32B-7,32,B,7,6.179752165,11.47375556,old-1.0-10
old method,10um,1,F2F,O_N_32B-16,32,B,16,6.731347694,14.01135303,old-1.0-10
old method,10um,1,F2F,O_N_32C-3,32,C,3,13.16933933,24.24853958,old-1.0-10
old method,10um,1,F2F,O_N_32C-4,32,C,4,6.062224248,13.2429218,old-1.0-10
old method,10um,1,F2F,O_N_32C-7,32,C,7,6.898971289,14.13011241,old-1.0-10
old method,20um,1,Unheated,O.N.87_A_14,87,A,14,7.430585352,8.296025517,old-1.0-20
old method,20um,1,Unheated,O.N.87_A_17,87,A,17,7.1568232,7.853303151,old-1.0-20
old method,20um,1,Unheated,O.N.87_A_19,87,A,19,19.27659964,19.82493201,old-1.0-20
old method,20um,1,Unheated,O.N.87_A_22,87,A,22,12.33118275,17.22177039,old-1.0-20
old method,20um,1,Unheated,O.N.87_A_29,87,A,29,5.68979894,5.584522509,old-1.0-20
old method,20um,1,Unheated,O.N.87_A_4,87,A,4,7.179671271,10.50058763,old-1.0-20
old method,20um,1,Unheated,O.N.87_A_5,87,A,5,7.823944143,9.172028804,old-1.0-20
old method,20um,1,Unheated,O.N.87_A_9,87,A,9,4.554984162,5.335954095,old-1.0-20
old method,20um,1,Unheated,O.N.87_B_13,87,B,13,7.22277667,9.637427972,old-1.0-20
old method,20um,1,Unheated,O.N.87_B_19,87,B,19,7.4974094,8.683534779,old-1.0-20
old method,20um,1,Unheated,O.N.87_B_23,87,B,23,8.663228116,10.06319729,old-1.0-20
old method,20um,1,Unheated,O.N.87_B_24,87,B,24,12.40183232,16.06362982,old-1.0-20
old method,20um,1,Unheated,O.N.87_B_28,87,B,28,10.24021843,13.48714222,old-1.0-20
old method,20um,1,Unheated,O.N.87_B_2,87,B,2,9.662368348,11.94125634,old-1.0-20
old method,20um,1,Unheated,O.N.87_B_31,87,B,31,16.39180464,18.96987304,old-1.0-20
old method,20um,1,Unheated,O.N.87_B_6,87,B,6,15.1645964,17.63684455,old-1.0-20
old method,20um,1,Unheated,O.N.87_B_7,87,B,7,7.948391428,9.19384939,old-1.0-20
old method,20um,1,F1S,O_N_37_2,37,,2,13.67479213,23.18690129,old-1.0-20
old method,20um,1,F1S,O_N_37_3A,37,,3A,4.799772113,7.800032545,old-1.0-20
old method,20um,1,F1S,O_N_37_4A,37,,4A,4.301631156,10.1928129,old-1.0-20
old method,20um,1,F1S,O_N_37_8A,37,,8A,12.85879634,19.00589161,old-1.0-20
old method,20um,1,F1S,O_N_37_8B,37,,8B,5.24443053,8.975213463,old-1.0-20
old method,20um,1,F1S,O_N_37_12A,37,,12A,8.193830461,11.72439676,old-1.0-20
old method,20um,1,F1S,O_N_37_17A,37,,17A,4.907794299,8.969222762,old-1.0-20
old method,20um,1,F1S,O_N_37_21,37,,21,10.70384447,19.69550359,old-1.0-20
old method,20um,1,F1S,O_N_37_30,37,,30,4.554406651,8.90493481,old-1.0-20
old method,20um,1,F1S,O_N_37_45,37,,45,3.162570507,8.198141,old-1.0-20
old method,20um,1,F1S,O_N_1_1,1,,1,8.009929291,8.956864333,old-1.0-20
old method,20um,1,F1S,O_N_1_6A,1,,6A,15.0995518,19.17528108,old-1.0-20
old method,20um,1,F1S,O_N_1_7A,1,,7A,8.255027275,12.42451933,old-1.0-20
old method,20um,1,F1S,O_N_1_7B,1,,7B,13.39128041,16.76498916,old-1.0-20
old method,20um,1,F1S,O_N_1_8A,1,,8A,12.67483849,18.24296596,old-1.0-20
old method,20um,1,F1S,O_N_1_15A,1,,15A,14.27642574,15.98719503,old-1.0-20
old method,20um,1,F1S,O_N_1_21,1,,21,15.39653259,18.10352018,old-1.0-20
old method,20um,1,F2S,O_N_31_3A,31,,3A,3.783515418,10.59139552,old-1.0-20
old method,20um,1,F2S,O_N_31_5A,31,,5A,4.392501485,6.392498492,old-1.0-20
old method,20um,1,F2S,O_N_31_8,31,,8,3.806769029,10.2300813,old-1.0-20
old method,20um,1,F2S,O_N_31_12A,31,,12A,5.657844663,10.46273356,old-1.0-20
old method,20um,1,F2S,O_N_31_12B,31,,12B,8.103422785,15.09076429,old-1.0-20
old method,20um,1,F2S,O_N_31_16,31,,16,13.89915211,25.8460223,old-1.0-20
old method,20um,1,F2S,O_N_31_26,31,,26,5.892921513,10.26459682,old-1.0-20
old method,20um,1,F2S,O_N_31_28,31,,28,3.614781435,5.902957735,old-1.0-20
old method,20um,1,F2S,O_N_31_32,31,,32,4.163832634,12.89944379,old-1.0-20
old method,20um,1,F2S,O_N_31_39,31,,39,5.303010473,8.322920431,old-1.0-20
old method,20um,1,F2S,O_N_31_47,31,,47,7.371552921,17.17124344,old-1.0-20
old method,20um,1,F2S,O_N_31_50,31,,50,8.059931751,13.57243227,old-1.0-20
old method,20um,1,F2S,O_N_35_6,35,,6,4.00580235,8.499572114,old-1.0-20
old method,20um,1,F2S,O_N_35_28,35,,28,3.81877547,8.300673415,old-1.0-20
old method,20um,1,F2S,O_N_35_29,35,,29,5.163263358,11.11260167,old-1.0-20
old method,20um,1,F2S,O_N_35_31,35,,31,6.839493337,10.7832892,old-1.0-20
old method,20um,1,F2S,O_N_35_33,35,,33,3.722291993,7.875169778,old-1.0-20
old method,20um,1,F1F,O_N_38_2,38,,2,3.309395944,7.339196403,old-1.0-20
old method,20um,1,F1F,O_N_38_3,38,,3,3.095565431,8.357962694,old-1.0-20
old method,20um,1,F1F,O_N_38_9,38,,9,6.049880062,12.02044192,old-1.0-20
old method,20um,1,F1F,O_N_38_10,38,,10,4.367328458,6.936421841,old-1.0-20
old method,20um,1,F1F,O_N_38_13,38,,13,4.978981987,9.810803391,old-1.0-20
old method,20um,1,F1F,O_N_38_18,38,,18,6.121409076,9.478372008,old-1.0-20
old method,20um,1,F1F,O_N_38_20,38,,20,4.635837117,9.568238312,old-1.0-20
old method,20um,1,F1F,O_N_38_22A,38,,22A,3.85609121,8.029935395,old-1.0-20
old method,20um,1,F1F,O_N_38_25,38,,25,4.370379267,8.497388391,old-1.0-20
old method,20um,1,F1F,O_N_54A_15,54,A,15,16.34394541,21.23073266,old-1.0-20
old method,20um,1,F1F,O_N_2_11B,2,,11B,3.621052206,9.064368984,old-1.0-20
old method,20um,1,F1F,O_N_2_11A,2,,11A,3.988524836,7.267321228,old-1.0-20
old method,20um,1,F1F,O_N_2_19,2,,19,6.968802826,9.675633826,old-1.0-20
old method,20um,1,F1F,O_N_14A_4,14,A,4,3.809712637,7.643373414,old-1.0-20
old method,20um,1,F1F,O_N_14A_15,14,A,15,2.682937811,9.04760606,old-1.0-20
old method,20um,1,F1F,O_N_54A_31,54,A,31,3.820400876,7.446644389,old-1.0-20
old method,20um,1,F1F,O_N_14A_27,14,A,27,3.398621557,9.736494026,old-1.0-20
old method,20um,1,F2F,O_N_32A-3,32,A,3,4.612698939,7.728439486,old-1.0-20
old method,20um,1,F2F,O_N_32A-21,32,A,21,7.954147866,10.07731032,old-1.0-20
old method,20um,1,F2F,O_N_32A-29,32,A,29,4.085139001,8.440917455,old-1.0-20
old method,20um,1,F2F,O_N_32B-3,32,B,3,4.471103539,9.983739741,old-1.0-20
old method,20um,1,F2F,O_N_32B-7,32,B,7,4.154621057,8.582605165,old-1.0-20
old method,20um,1,F2F,O_N_32B-16,32,B,16,4.913832759,11.95903389,old-1.0-20
old method,20um,1,F2F,O_N_32C-3,32,C,3,9.522788967,15.47251435,old-1.0-20
old method,20um,1,F2F,O_N_32C-4,32,C,4,3.945161339,9.27319454,old-1.0-20
old method,20um,1,F2F,O_N_32C-7,32,C,7,4.672695808,10.71080939,old-1.0-20
old method,10um,2,Unheated,O.N.87_A_14,87,A,14,10.90138591,10.8149882,old-2.0-10
old method,10um,2,Unheated,O.N.87_A_17,87,A,17,8.78768658,9.605899126,old-2.0-10
old method,10um,2,Unheated,O.N.87_A_19,87,A,19,25.11191209,29.37644851,old-2.0-10
old method,10um,2,Unheated,O.N.87_A_22,87,A,22,16.22469955,23.84295432,old-2.0-10
old method,10um,2,Unheated,O.N.87_A_29,87,A,29,11.00950688,10.72125594,old-2.0-10
old method,10um,2,Unheated,O.N.87_A_4,87,A,4,10.21132993,13.94682117,old-2.0-10
old method,10um,2,Unheated,O.N.87_A_5,87,A,5,9.714987212,10.45706989,old-2.0-10
old method,10um,2,Unheated,O.N.87_A_9,87,A,9,6.694073631,6.778717611,old-2.0-10
old method,10um,2,Unheated,O.N.87_B_13,87,B,13,8.185994256,10.12514043,old-2.0-10
old method,10um,2,Unheated,O.N.87_B_19,87,B,19,12.90538605,15.48002726,old-2.0-10
old method,10um,2,Unheated,O.N.87_B_23,87,B,23,11.84850398,12.94716583,old-2.0-10
old method,10um,2,Unheated,O.N.87_B_24,87,B,24,21.52603136,30.20045349,old-2.0-10
old method,10um,2,Unheated,O.N.87_B_28,87,B,28,14.06919363,20.22979256,old-2.0-10
old method,10um,2,Unheated,O.N.87_B_2,87,B,2,13.84595292,16.79593513,old-2.0-10
old method,10um,2,Unheated,O.N.87_B_31,87,B,31,27.32471583,33.8434886,old-2.0-10
old method,10um,2,Unheated,O.N.87_B_6,87,B,6,21.76241166,25.96176173,old-2.0-10
old method,10um,2,Unheated,O.N.87_B_7,87,B,7,18.62569459,24.31960405,old-2.0-10
old method,10um,2,F1S,O_N_37_2,37,,2,14.38477369,24.77051733,old-2.0-10
old method,10um,2,F1S,O_N_37_3A,37,,3A,6.546715092,10.04622825,old-2.0-10
old method,10um,2,F1S,O_N_37_4A,37,,4A,8.235844788,16.64871089,old-2.0-10
old method,10um,2,F1S,O_N_37_8A,37,,8A,17.628969,26.99789158,old-2.0-10
old method,10um,2,F1S,O_N_37_8B,37,,8B,7.655283048,16.15996768,old-2.0-10
old method,10um,2,F1S,O_N_37_12A,37,,12A,9.434061257,12.21560637,old-2.0-10
old method,10um,2,F1S,O_N_37_17A,37,,17A,7.846972267,12.62393942,old-2.0-10
old method,10um,2,F1S,O_N_37_21,37,,21,9.816683018,23.77778078,old-2.0-10
old method,10um,2,F1S,O_N_37_30,37,,30,7.200608471,11.90823902,old-2.0-10
old method,10um,2,F1S,O_N_37_45,37,,45,9.359713462,16.70746027,old-2.0-10
old method,10um,2,F1S,O_N_1_1,1,,1,12.41178625,14.25563667,old-2.0-10
old method,10um,2,F1S,O_N_1_6A,1,,6A,17.91582519,23.41117354,old-2.0-10
old method,10um,2,F1S,O_N_1_7A,1,,7A,12.29118123,15.22266021,old-2.0-10
old method,10um,2,F1S,O_N_1_7B,1,,7B,18.19112509,26.95901729,old-2.0-10
old method,10um,2,F1S,O_N_1_8A,1,,8A,17.95256507,23.16426531,old-2.0-10
old method,10um,2,F1S,O_N_1_15A,1,,15A,15.9328948,19.95845081,old-2.0-10
old method,10um,2,F1S,O_N_1_21,1,,21,19.33823192,26.45904471,old-2.0-10
old method,10um,2,F2S,O_N_31_3A,31,,3A,4.853025522,14.28404881,old-2.0-10
old method,10um,2,F2S,O_N_31_5A,31,,5A,6.062367307,7.125210346,old-2.0-10
old method,10um,2,F2S,O_N_31_8,31,,8,6.509131306,11.10670764,old-2.0-10
old method,10um,2,F2S,O_N_31_12A,31,,12A,8.455119135,17.58689987,old-2.0-10
old method,10um,2,F2S,O_N_31_12B,31,,12B,8.159251547,16.55257088,old-2.0-10
old method,10um,2,F2S,O_N_31_16,31,,16,14.40145417,31.82323771,old-2.0-10
old method,10um,2,F2S,O_N_31_26,31,,26,8.329085893,11.59419251,old-2.0-10
old method,10um,2,F2S,O_N_31_28,31,,28,5.215640927,6.104246444,old-2.0-10
old method,10um,2,F2S,O_N_31_32,31,,32,6.322342643,14.25151547,old-2.0-10
old method,10um,2,F2S,O_N_31_39,31,,39,7.828610613,10.43733156,old-2.0-10
old method,10um,2,F2S,O_N_31_47,31,,47,9.661996931,18.44633569,old-2.0-10
old method,10um,2,F2S,O_N_31_50,31,,50,13.05905635,19.54142828,old-2.0-10
old method,10um,2,F2S,O_N_35_6,35,,6,14.8027284,22.21953816,old-2.0-10
old method,10um,2,F2S,O_N_35_28,35,,28,5.240150126,8.648844207,old-2.0-10
old method,10um,2,F2S,O_N_35_29,35,,29,5.719815705,12.26154779,old-2.0-10
old method,10um,2,F2S,O_N_35_31,35,,31,7.881504866,13.93179464,old-2.0-10
old method,10um,2,F2S,O_N_35_33,35,,33,6.218232123,9.62768114,old-2.0-10
old method,10um,2,F1F,O_N_38_2,38,,2,4.606496072,8.046059718,old-2.0-10
old method,10um,2,F1F,O_N_38_3,38,,3,3.910246669,8.922195129,old-2.0-10
old method,10um,2,F1F,O_N_38_9,38,,9,7.007272186,13.0837165,old-2.0-10
old method,10um,2,F1F,O_N_38_10,38,,10,5.947177974,7.718275519,old-2.0-10
old method,10um,2,F1F,O_N_38_13,38,,13,5.913453014,9.560476824,old-2.0-10
old method,10um,2,F1F,O_N_38_18,38,,18,12.22357282,17.24231523,old-2.0-10
old method,10um,2,F1F,O_N_38_20,38,,20,5.35017854,9.925147525,old-2.0-10
old method,10um,2,F1F,O_N_38_22A,38,,22A,5.270805023,8.972483898,old-2.0-10
old method,10um,2,F1F,O_N_38_25,38,,25,8.390524181,12.13714546,old-2.0-10
old method,10um,2,F1F,O_N_54A_15,54,A,15,20.20108221,29.01520863,old-2.0-10
old method,10um,2,F1F,O_N_2_11B,2,,11B,4.503978542,8.070004188,old-2.0-10
old method,10um,2,F1F,O_N_2_11A,2,,11A,5.69845797,10.28988965,old-2.0-10
old method,10um,2,F1F,O_N_2_19,2,,19,9.434080262,11.45038902,old-2.0-10
old method,10um,2,F1F,O_N_14A_4,14,A,4,4.72007738,8.606531705,old-2.0-10
old method,10um,2,F1F,O_N_14A_15,14,A,15,6.869767842,15.96254564,old-2.0-10
old method,10um,2,F1F,O_N_54A_31,54,A,31,4.850920685,7.494346281,old-2.0-10
old method,10um,2,F1F,O_N_14A_27,14,A,27,4.258811588,9.46085585,old-2.0-10
old method,10um,2,F2F,O_N_32A-3,32,A,3,6.985874407,9.844961315,old-2.0-10
old method,10um,2,F2F,O_N_32A-21,32,A,21,11.26412536,19.02013619,old-2.0-10
old method,10um,2,F2F,O_N_32A-29,32,A,29,5.578639266,8.581462762,old-2.0-10
old method,10um,2,F2F,O_N_32B-3,32,B,3,8.453412111,14.87708391,old-2.0-10
old method,10um,2,F2F,O_N_32B-7,32,B,7,6.315769056,9.413929443,old-2.0-10
old method,10um,2,F2F,O_N_32B-16,32,B,16,6.651225083,11.20511037,old-2.0-10
old method,10um,2,F2F,O_N_32C-3,32,C,3,12.50653084,21.95290737,old-2.0-10
old method,10um,2,F2F,O_N_32C-4,32,C,4,5.262186725,9.958181279,old-2.0-10
old method,10um,2,F2F,O_N_32C-7,32,C,7,7.218568477,12.85632352,old-2.0-10
old method,20um,2,Unheated,O.N.87_A_14,87,A,14,7.282168925,8.082315236,old-2.0-20
old method,20um,2,Unheated,O.N.87_A_17,87,A,17,6.406155652,6.775824112,old-2.0-20
old method,20um,2,Unheated,O.N.87_A_19,87,A,19,17.12111876,17.34689978,old-2.0-20
old method,20um,2,Unheated,O.N.87_A_22,87,A,22,10.1469161,15.05590634,old-2.0-20
old method,20um,2,Unheated,O.N.87_A_29,87,A,29,6.908853879,5.887169173,old-2.0-20
old method,20um,2,Unheated,O.N.87_A_4,87,A,4,7.44598581,9.544049082,old-2.0-20
old method,20um,2,Unheated,O.N.87_A_5,87,A,5,6.787195381,7.345717161,old-2.0-20
old method,20um,2,Unheated,O.N.87_A_9,87,A,9,4.389964459,4.510990021,old-2.0-20
old method,20um,2,Unheated,O.N.87_B_13,87,B,13,5.811575694,7.479297397,old-2.0-20
old method,20um,2,Unheated,O.N.87_B_19,87,B,19,8.831225273,10.371472,old-2.0-20
old method,20um,2,Unheated,O.N.87_B_23,87,B,23,7.806682361,8.315929888,old-2.0-20
old method,20um,2,Unheated,O.N.87_B_24,87,B,24,12.10407668,16.0816396,old-2.0-20
old method,20um,2,Unheated,O.N.87_B_28,87,B,28,8.992770065,11.85393247,old-2.0-20
old method,20um,2,Unheated,O.N.87_B_2,87,B,2,8.445341207,9.752155062,old-2.0-20
old method,20um,2,Unheated,O.N.87_B_31,87,B,31,18.02133755,21.06571135,old-2.0-20
old method,20um,2,Unheated,O.N.87_B_6,87,B,6,14.08524677,16.73242686,old-2.0-20
old method,20um,2,Unheated,O.N.87_B_7,87,B,7,12.1151255,16.76708817,old-2.0-20
old method,20um,2,F1S,O_N_37_2,37,,2,9.80370666,18.19654281,old-2.0-20
old method,20um,2,F1S,O_N_37_3A,37,,3A,4.649839111,7.911777883,old-2.0-20
old method,20um,2,F1S,O_N_37_4A,37,,4A,5.635926224,13.00289366,old-2.0-20
old method,20um,2,F1S,O_N_37_8A,37,,8A,12.00479524,16.79196,old-2.0-20
old method,20um,2,F1S,O_N_37_8B,37,,8B,3.941661068,6.928738869,old-2.0-20
old method,20um,2,F1S,O_N_37_12A,37,,12A,6.600511945,9.365606343,old-2.0-20
old method,20um,2,F1S,O_N_37_17A,37,,17A,3.707973748,6.771333828,old-2.0-20
old method,20um,2,F1S,O_N_37_21,37,,21,6.88786015,15.522537,old-2.0-20
old method,20um,2,F1S,O_N_37_30,37,,30,4.506932098,8.445896683,old-2.0-20
old method,20um,2,F1S,O_N_37_45,37,,45,6.877741467,13.13488926,old-2.0-20
old method,20um,2,F1S,O_N_1_1,1,,1,8.021443896,8.405310996,old-2.0-20
old method,20um,2,F1S,O_N_1_6A,1,,6A,12.83690496,16.64618093,old-2.0-20
old method,20um,2,F1S,O_N_1_7A,1,,7A,9.039981197,11.29927455,old-2.0-20
old method,20um,2,F1S,O_N_1_7B,1,,7B,11.61200369,14.86221538,old-2.0-20
old method,20um,2,F1S,O_N_1_8A,1,,8A,11.77565249,15.78177947,old-2.0-20
old method,20um,2,F1S,O_N_1_15A,1,,15A,10.96856004,13.57600981,old-2.0-20
old method,20um,2,F1S,O_N_1_21,1,,21,13.47500033,17.69726736,old-2.0-20
old method,20um,2,F2S,O_N_31_3A,31,,3A,2.699620966,7.766830779,old-2.0-20
old method,20um,2,F2S,O_N_31_5A,31,,5A,3.768849183,4.98458198,old-2.0-20
old method,20um,2,F2S,O_N_31_8,31,,8,3.462964235,7.640706106,old-2.0-20
old method,20um,2,F2S,O_N_31_12A,31,,12A,6.358583535,13.18016175,old-2.0-20
old method,20um,2,F2S,O_N_31_12B,31,,12B,5.488368969,11.52072463,old-2.0-20
old method,20um,2,F2S,O_N_31_16,31,,16,8.97153807,19.99945443,old-2.0-20
old method,20um,2,F2S,O_N_31_26,31,,26,4.859772104,7.814372211,old-2.0-20
old method,20um,2,F2S,O_N_31_28,31,,28,2.931433053,4.441400668,old-2.0-20
old method,20um,2,F2S,O_N_31_32,31,,32,3.757639889,9.360645257,old-2.0-20
old method,20um,2,F2S,O_N_31_39,31,,39,4.268928811,6.363880482,old-2.0-20
old method,20um,2,F2S,O_N_31_47,31,,47,5.577281785,12.89618519,old-2.0-20
old method,20um,2,F2S,O_N_31_50,31,,50,6.961235424,10.96370264,old-2.0-20
old method,20um,2,F2S,O_N_35_6,35,,6,10.22262358,14.77970195,old-2.0-20
old method,20um,2,F2S,O_N_35_28,35,,28,3.351002722,6.081598143,old-2.0-20
old method,20um,2,F2S,O_N_35_29,35,,29,3.460088924,8.310473688,old-2.0-20
old method,20um,2,F2S,O_N_35_31,35,,31,4.411741583,8.372801781,old-2.0-20
old method,20um,2,F2S,O_N_35_33,35,,33,4.267275806,7.749774374,old-2.0-20
old method,20um,2,F1F,O_N_38_2,38,,2,2.777479967,5.451044881,old-2.0-20
old method,20um,2,F1F,O_N_38_3,38,,3,2.469637655,6.113168835,old-2.0-20
old method,20um,2,F1F,O_N_38_9,38,,9,4.212489787,8.974053341,old-2.0-20
old method,20um,2,F1F,O_N_38_10,38,,10,3.644606952,5.409585525,old-2.0-20
old method,20um,2,F1F,O_N_38_13,38,,13,3.962393599,7.366800882,old-2.0-20
old method,20um,2,F1F,O_N_38_18,38,,18,7.336744677,9.73482952,old-2.0-20
old method,20um,2,F1F,O_N_38_20,38,,20,3.363961082,7.155193132,old-2.0-20
old method,20um,2,F1F,O_N_38_22A,38,,22A,3.107194835,6.163137556,old-2.0-20
old method,20um,2,F1F,O_N_38_25,38,,25,4.817292198,7.831749775,old-2.0-20
old method,20um,2,F1F,O_N_54A_15,54,A,15,13.92821426,19.08973267,old-2.0-20
old method,20um,2,F1F,O_N_2_11B,2,,11B,2.774837969,6.576688509,old-2.0-20
old method,20um,2,F1F,O_N_2_11A,2,,11A,3.367830514,6.197447515,old-2.0-20
old method,20um,2,F1F,O_N_2_19,2,,19,5.873865792,7.716291073,old-2.0-20
old method,20um,2,F1F,O_N_14A_4,14,A,4,2.995357457,5.700931719,old-2.0-20
old method,20um,2,F1F,O_N_14A_15,14,A,15,5.129458559,11.87648762,old-2.0-20
old method,20um,2,F1F,O_N_54A_31,54,A,31,2.855026921,5.502728635,old-2.0-20
old method,20um,2,F1F,O_N_14A_27,14,A,27,2.656980064,7.105670668,old-2.0-20
old method,20um,2,F2F,O_N_32A-3,32,A,3,3.978735193,6.022839363,old-2.0-20
old method,20um,2,F2F,O_N_32A-21,32,A,21,6.364686771,7.937233741,old-2.0-20
old method,20um,2,F2F,O_N_32A-29,32,A,29,3.570523717,6.254166327,old-2.0-20
old method,20um,2,F2F,O_N_32B-3,32,B,3,6.469297105,11.31407499,old-2.0-20
old method,20um,2,F2F,O_N_32B-7,32,B,7,4.22868709,6.869046104,old-2.0-20
old method,20um,2,F2F,O_N_32B-16,32,B,16,4.187534077,8.977819836,old-2.0-20
old method,20um,2,F2F,O_N_32C-3,32,C,3,8.853150729,13.6742692,old-2.0-20
old method,20um,2,F2F,O_N_32C-4,32,C,4,3.246917088,6.851918872,old-2.0-20
old method,20um,2,F2F,O_N_32C-7,32,C,7,5.010159685,9.504881342,old-2.0-20
new method,10um,,Unheated,O.N.87_A_14,87,A,14,66.04534224,31.89765785,new-10
new method,10um,,Unheated,O.N.87_A_17,87,A,17,66.10652398,45.12761337,new-10
new method,10um,,Unheated,O.N.87_A_19,87,A,19,38.7413743,22.20675996,new-10
new method,10um,,Unheated,O.N.87_A_22,87,A,22,54.1488041,32.90235918,new-10
new method,10um,,Unheated,O.N.87_A_29,87,A,29,55.77753004,17.75889391,new-10
new method,10um,,Unheated,O.N.87_A_4,87,A,4,70.83467947,31.33335793,new-10
new method,10um,,Unheated,O.N.87_A_5,87,A,5,60.06734786,28.42895062,new-10
new method,10um,,Unheated,O.N.87_A_9,87,A,9,71.07018668,30.71596934,new-10
new method,10um,,Unheated,O.N.87_B_13,87,B,13,81.08432339,30.12381575,new-10
new method,10um,,Unheated,O.N.87_B_19,87,B,19,61.81660604,29.4805433,new-10
new method,10um,,Unheated,O.N.87_B_23,87,B,23,84.84744102,39.08035795,new-10
new method,10um,,Unheated,O.N.87_B_24,87,B,24,48.80091844,28.09402421,new-10
new method,10um,,Unheated,O.N.87_B_28,87,B,28,66.10130263,38.5052736,new-10
new method,10um,,Unheated,O.N.87_B_2,87,B,2,63.23181634,33.15283258,new-10
new method,10um,,Unheated,O.N.87_B_31,87,B,31,77.88777166,62.19828335,new-10
new method,10um,,Unheated,O.N.87_B_6,87,B,6,39.26001387,29.84861608,new-10
new method,10um,,Unheated,O.N.87_B_7,87,B,7,46.62281586,37.9425366,new-10
new method,10um,,F1S,O_N_37_2,37,,2,70.87044936,27.14777269,new-10
new method,10um,,F1S,O_N_37_3A,37,,3A,72.50354877,45.41984774,new-10
new method,10um,,F1S,O_N_37_4A,37,,4A,107.7978781,48.12259923,new-10
new method,10um,,F1S,O_N_37_8A,37,,8A,91.5260178,53.67106902,new-10
new method,10um,,F1S,O_N_37_8B,37,,8B,56.71319831,49.86493558,new-10
new method,10um,,F1S,O_N_37_12A,37,,12A,62.70520198,30.26130924,new-10
new method,10um,,F1S,O_N_37_17A,37,,17A,89.61790294,24.04596729,new-10
new method,10um,,F1S,O_N_37_21,37,,21,96.41729981,34.02984447,new-10
new method,10um,,F1S,O_N_37_30,37,,30,93.68662556,15.69858185,new-10
new method,10um,,F1S,O_N_37_45,37,,45,64.36269854,44.10952384,new-10
new method,10um,,F1S,O_N_1_1,1,,1,79.04723476,43.18002254,new-10
new method,10um,,F1S,O_N_1_6A,1,,6A,52.97139197,31.25778038,new-10
new method,10um,,F1S,O_N_1_7A,1,,7A,65.83506815,34.1931183,new-10
new method,10um,,F1S,O_N_1_7B,1,,7B,55.57084886,25.23895242,new-10
new method,10um,,F1S,O_N_1_8A,1,,8A,51.69005023,35.23492375,new-10
new method,10um,,F1S,O_N_1_15A,1,,15A,32.54692741,22.26197153,new-10
new method,10um,,F1S,O_N_1_21,1,,21,70.80647092,30.4735012,new-10
new method,10um,,F2S,O_N_31_3A,31,,3A,92.96904069,17.80284246,new-10
new method,10um,,F2S,O_N_31_5A,31,,5A,57.65108917,49.23530471,new-10
new method,10um,,F2S,O_N_31_8,31,,8,96.51461432,19.26656331,new-10
new method,10um,,F2S,O_N_31_12A,31,,12A,84.19760359,39.80278413,new-10
new method,10um,,F2S,O_N_31_12B,31,,12B,81.08757645,40.41670302,new-10
new method,10um,,F2S,O_N_31_16,31,,16,108.3717956,24.14049706,new-10
new method,10um,,F2S,O_N_31_26,31,,26,70.55858345,30.86129152,new-10
new method,10um,,F2S,O_N_31_28,31,,28,88.57922497,27.07304622,new-10
new method,10um,,F2S,O_N_31_32,31,,32,91.4201607,36.79782318,new-10
new method,10um,,F2S,O_N_31_39,31,,39,78.19616633,22.69325319,new-10
new method,10um,,F2S,O_N_31_47,31,,47,89.36492172,34.45631715,new-10
new method,10um,,F2S,O_N_31_50,31,,50,62.78573357,31.0975628,new-10
new method,10um,,F2S,O_N_35_6,35,,6,91.0723653,33.86254912,new-10
new method,10um,,F2S,O_N_35_28,35,,28,106.0728296,31.72103758,new-10
new method,10um,,F2S,O_N_35_29,35,,29,81.00480486,15.06529606,new-10
new method,10um,,F2S,O_N_35_31,35,,31,39.14062733,30.41958538,new-10
new method,10um,,F2S,O_N_35_33,35,,33,26.97098301,23.17437881,new-10
new method,10um,,F1F,O_N_38_2,38,,2,80.23544076,38.86355595,new-10
new method,10um,,F1F,O_N_38_3,38,,3,99.03220864,33.38429517,new-10
new method,10um,,F1F,O_N_38_9,38,,9,115.2321151,106.6240642,new-10
new method,10um,,F1F,O_N_38_10,38,,10,81.48656208,23.18515307,new-10
new method,10um,,F1F,O_N_38_13,38,,13,120.942142,64.46226235,new-10
new method,10um,,F1F,O_N_38_18,38,,18,84.77021392,26.78950352,new-10
new method,10um,,F1F,O_N_38_20,38,,20,101.2014068,20.8071997,new-10
new method,10um,,F1F,O_N_38_22A,38,,22A,79.85996145,28.04203305,new-10
new method,10um,,F1F,O_N_38_25,38,,25,85.99281731,13.99414152,new-10
new method,10um,,F1F,O_N_54A_15,54,A,15,86.61449671,31.87454837,new-10
new method,10um,,F1F,O_N_2_11B,2,,11B,83.39515747,20.36442077,new-10
new method,10um,,F1F,O_N_2_11A,2,,11A,86.18476677,29.8670619,new-10
new method,10um,,F1F,O_N_2_19,2,,19,73.57711588,6.385226306,new-10
new method,10um,,F1F,O_N_14A_4,14,A,4,108.2712987,53.41231983,new-10
new method,10um,,F1F,O_N_14A_15,14,A,15,89.87437776,18.84568329,new-10
new method,10um,,F1F,O_N_54A_31,54,A,31,95.78246589,44.05151083,new-10
new method,10um,,F1F,O_N_14A_27,14,A,27,97.53687231,32.73718334,new-10
new method,10um,,F2F,O_N_32A-3,32,A,3,81.66273826,24.11933452,new-10
new method,10um,,F2F,O_N_32A-21,32,A,21,82.57902761,41.11754379,new-10
new method,10um,,F2F,O_N_32A-29,32,A,29,77.80928693,31.15184908,new-10
new method,10um,,F2F,O_N_32B-3,32,B,3,89.8972921,24.58089458,new-10
new method,10um,,F2F,O_N_32B-7,32,B,7,89.88458014,30.03109545,new-10
new method,10um,,F2F,O_N_32B-16,32,B,16,127.1359391,127.1912741,new-10
new method,10um,,F2F,O_N_32C-3,32,C,3,70.76353669,21.94533891,new-10
new method,10um,,F2F,O_N_32C-4,32,C,4,73.16676322,28.63572285,new-10
new method,10um,,F2F,O_N_32C-7,32,C,7,107.9093693,99.42100404,new-10